{
  "grainSize": 1.0,
  "amount": 0.03643668070435524,
  "sizeR": 0.9574263234634695,
  "sizeB": 1.1778368814149143,
  "amountR": 0.9470124785895706,
  "amountB": 1.2016348916508695,
  "irregularity": 0.25
}